"","representative.PDB.chain","start","end","ali_start","Protein"
"1","2k87A",5984,6328,1,"nsp3"
"2","2w2gA",3956,4747,1,"nsp3"
"3","3vcbA",9782,10051,1,"nsp4"
"4","5nfyA",18046,19614,1,"nsp14"
"5","5r82A",10055,10966,1,"nsp5"
"6","5x29A",26266,26439,1,"E"
"7","6w01A",19621,20655,2,"nsp15"
"8","6w02A",3341,3835,4,"nsp3"
"9","6w37A",27439,27636,1,"7a"
"10","6w4bA",12698,13024,6,"nsp9"
"11","6w4hA",20659,21552,6799,"nsp16"
"12","6w4hB",13076,13423,4271,"nsp10"
"13","6w9cA",4961,5899,3,"nsp3"
"14","6wjiA",29042,29365,257,"N"
"15","6xdcA",25510,26106,40,"3a"
"16","6lvnA",25067,25168,2,"S"
"17","6m3mA",28415,28792,49,"N"
"18","6vxxB",21641,25003,27,"S"
"19","6xezA",13451,16227,4,"nsp12"
"20","6xezB",12107,12664,6,"nsp8"
"21","6xezC",11843,12061,1,"nsp7"
"22","6xezE",16237,18024,1,"nsp13"
"23","7jx6A",27945,28256,18,"8b"
"24","7k3nA",305,640,5,"nsp1"
"25","7k5i1",710,799,149,"nsp1"
"26","7kagA",2720,3040,1,"nsp3"
"27","2kafA",4754,4948,1,"nsp3"
